INSERT INTO users (id, name, age) VALUES (1, 'Daysha', 28), (2, 'Des', 28), (3, 'Timm', 35), (4, 'Valyn', 2), (5, 'Greg', 32), (6, 'Debi', 54), (7, 'Jeff', 53), (8, 'Chris', 32), (9, 'Masha', 33), (10, 'Kelly', 26), (11, 'Penny', 6), (12, 'Ziggy', 4), (13, 'Lady', 7), (14, 'Duke', 5), (15, 'Jenny', 42), (16, 'Lynda', 73), (17, 'Richard', 76), (18, 'Brenda', 58), (19, 'Kyle', 32), (20, 'Dilly', 6);

INSERT INTO projects (title, category, funding_goal, start_data, end_date) VALUES (1, "Help me with school", "School", 5000, 10/01/2020, 10/01/2021), (2, "I need a car", "Car", 10000, 5/19/2021, 5/19/2022 ), (3, "Jeep fund", "Car", 6000, 2/2/2021, 2/2/2022), (4, "Soccer Camp", "Sports", 150, 5/1/2021, 5/1/2022), (5, "Animal Shelter fund", "animals", 1000, 1/1/2021, 1/1/2022), (6, "Travel fund", "travel", 3000, 11/11/2021, 11/11/2022), (7, "Music Class", "Music", 200, 8/1/2021, 8/1/2022), (8, "College fund", "college", 5/20/2030, 5/20/2034), (9, "Baby fund", "family", 20000, 9/1/2021, 9/1/2022), (10, "Open coffee shop", "business", 8/20/2021, 8/20/2022);

INSERT INTO pledges (id, amount, user_id, project_id) VALUES
(1, 10.00, 1, 2),
(2, 20.00, 1, 3),
(3, 40.00, 1, 4),
(4, 50.00, 2, 3),
(5, 10.00, 3, 2),
(6, 20.00, 4, 4),
(7, 40.00, 5, 10),
(8, 60.00, 6, 10),
(9, 50.00, 7, 9),
(10, 700.00, 8, 8),
(11, 1000.00, 8, 7),
(12, 40.00, 9, 6),
(13, 50.00, 9, 3),
(14, 50.00, 10, 4),
(15, 24.00, 12, 1),
(16, 34.00, 11, 1),
(17, 12.00, 13, 6),
(18, 19.00, 14, 5),
(19, 20.00, 15, 5),
(20, 40.00, 16, 6),
(21, 35.50, 17, 7),
(22, 40.00, 18, 8),
(23, 60.00, 19, 9),
(24, 70.00, 20, 10),
(25, 100.00, 20, 4),
(26, 40.00, 19, 1),
(27, 20.00, 18, 6),
(28, 90.00, 17, 9),
(29, 230.00, 16, 6),
(30, 450.00, 15, 5);
